dealer_id,aadhar_no,dealer_name,village,license_active,license_expiry
DEA0001,2538274001343,Dealer_001_Agri,Bhoga Nandeeshwara,True,2025-06-01
DEA0002,2504198490555,Dealer_002_Agri,Bhoga Nandeeshwara,True,2025-06-03
DEA0003,2311921777293,Dealer_003_Agri,Rampur Village,True,2025-06-06
DEA0004,2187857161180,Dealer_004_Agri,Gokul Vihar,True,2025-06-08
DEA0005,2935841521171,Dealer_005_Agri,Ganesha Nagar,True,2025-06-11
DEA0006,2870570605618,Dealer_006_Agri,Devi Krupa,True,2025-06-14
DEA0007,2900425773895,Dealer_007_Agri,Rampur Village,True,2025-06-16
DEA0008,2689548922822,Dealer_008_Agri,Keshavpur,True,2025-06-19
DEA0009,2087316340923,Dealer_009_Agri,Keshavpur,False,2025-06-21
DEA0010,2341431277203,Dealer_010_Agri,Raja Rajeshwari,False,2025-06-24
DEA0011,2922718714259,Dealer_011_Agri,Pushpagiri,True,2025-06-27
DEA0012,2389527958399,Dealer_012_Agri,Skanda Giri,True,2025-06-29
DEA0013,2135635826687,Dealer_013_Agri,Nandi Hills,True,2025-07-02
DEA0014,2632276921806,Dealer_014_Agri,RedSoil Hamlet,True,2025-07-05
DEA0015,2021803731746,Dealer_015_Agri,Rampur Village,True,2025-07-07
DEA0016,2297140671948,Dealer_016_Agri,Balaji Nagar,True,2025-07-10
DEA0017,2731548918291,Dealer_017_Agri,RedSoil Hamlet,True,2025-07-12
DEA0018,2092237681732,Dealer_018_Agri,Yelachaguppe,True,2025-07-15
DEA0019,2898175341338,Dealer_019_Agri,Nandi Hills,True,2025-07-18
DEA0020,2324283572988,Dealer_020_Agri,Balaji Nagar,True,2025-07-20
DEA0021,2375468991675,Dealer_021_Agri,Uttara Phalguni,True,2025-07-23
DEA0022,2787622025494,Dealer_022_Agri,Pushpagiri,True,2025-07-26
DEA0023,2735949309195,Dealer_023_Agri,GreenVillage,False,2025-07-28
DEA0024,2240612739766,Dealer_024_Agri,Bhoga Nandeeshwara,True,2025-07-31
DEA0025,2816640957535,Dealer_025_Agri,Yelachaguppe,True,2025-08-02
DEA0026,2497164514255,Dealer_026_Agri,Rampur Village,True,2025-08-05
DEA0027,2666971464000,Dealer_027_Agri,Anjaneya Layout,True,2025-08-08
DEA0028,2306225256139,Dealer_028_Agri,Pushpagiri,True,2025-08-10
DEA0029,2844145481415,Dealer_029_Agri,Maruthi Extension,True,2025-08-13
DEA0030,2939816091622,Dealer_030_Agri,Hanumantha Nagar,True,2025-08-16
DEA0031,2924962947110,Dealer_031_Agri,Sundarapuram,True,2025-08-18
DEA0032,2527774711556,Dealer_032_Agri,Dakshina Mukhi,False,2025-08-21
DEA0033,2633629215658,Dealer_033_Agri,Dakshina Mukhi,True,2025-08-23
DEA0034,2492171975992,Dealer_034_Agri,Sundarapuram,True,2025-08-26
DEA0035,2096505381907,Dealer_035_Agri,Bhoga Nandeeshwara,True,2025-08-29
DEA0036,2741223885407,Dealer_036_Agri,Subramanya Swamy,True,2025-08-31
DEA0037,2687888674225,Dealer_037_Agri,Venkatesh Pura,True,2025-09-03
DEA0038,2513289909131,Dealer_038_Agri,Lakshmi Puram,True,2025-09-06
DEA0039,2369561439398,Dealer_039_Agri,Skanda Giri,True,2025-09-08
DEA0040,2564281509566,Dealer_040_Agri,Venkatesh Pura,False,2025-09-11
DEA0041,2011651670433,Dealer_041_Agri,Ganesha Nagar,True,2025-09-13
DEA0042,2616846320033,Dealer_042_Agri,Rampur Village,True,2025-09-16
DEA0043,2779763984118,Dealer_043_Agri,Anjaneya Layout,True,2025-09-19
DEA0044,2016772799493,Dealer_044_Agri,Venkatesh Pura,True,2025-09-21
DEA0045,2029220943701,Dealer_045_Agri,Subramanya Swamy,True,2025-09-24
DEA0046,2420233546838,Dealer_046_Agri,Yelachaguppe,True,2025-09-27
DEA0047,2207189700074,Dealer_047_Agri,Balaji Nagar,True,2025-09-29
DEA0048,2281535727791,Dealer_048_Agri,Rampur Village,True,2025-10-02
DEA0049,2622529231399,Dealer_049_Agri,Sundarapuram,True,2025-10-04
DEA0050,2670318030893,Dealer_050_Agri,Keshavpur,True,2025-10-07
DEA0051,2961764090178,Dealer_051_Agri,Venkatesh Pura,True,2025-10-10
DEA0052,2855587333466,Dealer_052_Agri,Hanumantha Nagar,True,2025-10-12
DEA0053,2635309954724,Dealer_053_Agri,Shivaji Colony,True,2025-10-15
DEA0054,2757614965859,Dealer_054_Agri,Venkatesh Pura,False,2025-10-18
DEA0055,2912283284715,Dealer_055_Agri,Raja Rajeshwari,True,2025-10-20
DEA0056,2746498723708,Dealer_056_Agri,Neelkamal,True,2025-10-23
DEA0057,2477789998915,Dealer_057_Agri,Ganesha Nagar,True,2025-10-25
DEA0058,2616505290042,Dealer_058_Agri,Uttara Phalguni,True,2025-10-28
DEA0059,2209820451367,Dealer_059_Agri,Rampur Village,True,2025-10-31
DEA0060,2666562836190,Dealer_060_Agri,Neelkamal,True,2025-11-02
DEA0061,2741103502567,Dealer_061_Agri,Balaji Nagar,True,2025-11-05
DEA0062,2139557291934,Dealer_062_Agri,Balaji Nagar,True,2025-11-08
DEA0063,2155900124527,Dealer_063_Agri,Shivaji Colony,True,2025-11-10
DEA0064,2099582324720,Dealer_064_Agri,Skanda Giri,True,2025-11-13
DEA0065,2524912570065,Dealer_065_Agri,RedSoil Hamlet,True,2025-11-15
DEA0066,2490745034280,Dealer_066_Agri,Rampur Village,True,2025-11-18
DEA0067,2287756352740,Dealer_067_Agri,Uttara Phalguni,True,2025-11-21
DEA0068,2789232649591,Dealer_068_Agri,Gokul Vihar,True,2025-11-23
DEA0069,2621478174840,Dealer_069_Agri,Rampur Village,True,2025-11-26
DEA0070,2354180602703,Dealer_070_Agri,Lakshmi Puram,True,2025-11-29
DEA0071,2305980797698,Dealer_071_Agri,Neelkamal,True,2025-12-01
DEA0072,2509685471213,Dealer_072_Agri,Sundarapuram,True,2025-12-04
DEA0073,2405908539066,Dealer_073_Agri,GreenVillage,True,2025-12-06
DEA0074,2606468538895,Dealer_074_Agri,Lakshmi Puram,True,2025-12-09
DEA0075,2368969957953,Dealer_075_Agri,Neelkamal,True,2025-12-12
DEA0076,2807775092919,Dealer_076_Agri,Gokul Vihar,True,2025-12-14
DEA0077,2085187776951,Dealer_077_Agri,Keshavpur,True,2025-12-17
DEA0078,2589827545357,Dealer_078_Agri,Gokul Vihar,True,2025-12-19
DEA0079,2829742415214,Dealer_079_Agri,Lakshmi Puram,True,2025-12-22
DEA0080,2503100955460,Dealer_080_Agri,Nandi Hills,True,2025-12-25
DEA0081,2154910538798,Dealer_081_Agri,Raja Rajeshwari,True,2025-12-27
DEA0082,2463938989635,Dealer_082_Agri,Balaji Nagar,True,2025-12-30
DEA0083,2086315895113,Dealer_083_Agri,Devi Krupa,True,2026-01-02
DEA0084,2222536058730,Dealer_084_Agri,Lakshmi Puram,True,2026-01-04
DEA0085,2742156456218,Dealer_085_Agri,Pushpagiri,True,2026-01-07
DEA0086,2103431304754,Dealer_086_Agri,Skanda Giri,True,2026-01-09
DEA0087,2954990462266,Dealer_087_Agri,Uttara Phalguni,True,2026-01-12
DEA0088,2078711436695,Dealer_088_Agri,Venkatesh Pura,True,2026-01-15
DEA0089,2949661263714,Dealer_089_Agri,Lakshmi Puram,True,2026-01-17
DEA0090,2140912282765,Dealer_090_Agri,Rampur Village,True,2026-01-20
DEA0091,2581396059845,Dealer_091_Agri,Pushpagiri,True,2026-01-23
DEA0092,2051503841119,Dealer_092_Agri,Neelkamal,True,2026-01-25
DEA0093,2212343078301,Dealer_093_Agri,Lakshmi Puram,True,2026-01-28
DEA0094,2053292060306,Dealer_094_Agri,Ganesha Nagar,True,2026-01-30
DEA0095,2378630762938,Dealer_095_Agri,Balaji Nagar,True,2026-02-02
DEA0096,2302869094337,Dealer_096_Agri,Maruthi Extension,True,2026-02-05
DEA0097,2992922676224,Dealer_097_Agri,Rampur Village,True,2026-02-07
DEA0098,2087297436595,Dealer_098_Agri,Lakshmi Puram,True,2026-02-10
DEA0099,2276146859451,Dealer_099_Agri,Devi Krupa,True,2026-02-13
DEA0100,2871314968955,Dealer_100_Agri,Skanda Giri,True,2026-02-15
DEA0101,2175811950409,Dealer_101_Agri,Ganesha Nagar,True,2026-02-18
DEA0102,2139944702166,Dealer_102_Agri,Yelachaguppe,True,2026-02-20
DEA0103,2115589670603,Dealer_103_Agri,Lakshmi Puram,False,2026-02-23
DEA0104,2975604463798,Dealer_104_Agri,Dakshina Mukhi,True,2026-02-26
DEA0105,2258724475509,Dealer_105_Agri,Lakshmi Puram,True,2026-02-28
DEA0106,2577355158917,Dealer_106_Agri,Subramanya Swamy,True,2026-03-03
DEA0107,2765687810197,Dealer_107_Agri,Gokul Vihar,True,2026-03-06
DEA0108,2494831150146,Dealer_108_Agri,Maruthi Extension,True,2026-03-08
DEA0109,2249618572104,Dealer_109_Agri,Uttara Phalguni,True,2026-03-11
DEA0110,2276861632164,Dealer_110_Agri,GreenVillage,True,2026-03-13
DEA0111,2160217735027,Dealer_111_Agri,Venkatesh Pura,True,2026-03-16
DEA0112,2768602022777,Dealer_112_Agri,Sundarapuram,True,2026-03-19
DEA0113,2320769859180,Dealer_113_Agri,Ganesha Nagar,True,2026-03-21
DEA0114,2326934752420,Dealer_114_Agri,Ganesha Nagar,True,2026-03-24
DEA0115,2039319901246,Dealer_115_Agri,Maruthi Extension,True,2026-03-27
DEA0116,2563918990027,Dealer_116_Agri,Maruthi Extension,True,2026-03-29
DEA0117,2159322191514,Dealer_117_Agri,Skanda Giri,True,2026-04-01
DEA0118,2809480722925,Dealer_118_Agri,Skanda Giri,True,2026-04-03
DEA0119,2435462287917,Dealer_119_Agri,Gokul Vihar,True,2026-04-06
DEA0120,2065629553197,Dealer_120_Agri,Skanda Giri,True,2026-04-09
DEA0121,2466826458264,Dealer_121_Agri,Maruthi Extension,True,2026-04-11
DEA0122,2098924593344,Dealer_122_Agri,Pushpagiri,True,2026-04-14
DEA0123,2952132158235,Dealer_123_Agri,Skanda Giri,False,2026-04-17
DEA0124,2401931483117,Dealer_124_Agri,Subramanya Swamy,True,2026-04-19
DEA0125,2702906107025,Dealer_125_Agri,Skanda Giri,True,2026-04-22
DEA0126,2279978885810,Dealer_126_Agri,Nandi Hills,True,2026-04-24
DEA0127,2540846821394,Dealer_127_Agri,Bhoga Nandeeshwara,True,2026-04-27
DEA0128,2670316220510,Dealer_128_Agri,Devi Krupa,True,2026-04-30
DEA0129,2491566680303,Dealer_129_Agri,Neelkamal,True,2026-05-02
DEA0130,2085457153043,Dealer_130_Agri,Venkatesh Pura,True,2026-05-05
DEA0131,2449278739267,Dealer_131_Agri,Skanda Giri,True,2026-05-08
DEA0132,2685455492114,Dealer_132_Agri,Nandi Hills,True,2026-05-10
DEA0133,2646794544041,Dealer_133_Agri,Ganesha Nagar,True,2026-05-13
DEA0134,2399136675251,Dealer_134_Agri,Devi Krupa,True,2026-05-15
DEA0135,2800975790118,Dealer_135_Agri,Sundarapuram,True,2026-05-18
DEA0136,2298515060074,Dealer_136_Agri,Maruthi Extension,True,2026-05-21
DEA0137,2211513261436,Dealer_137_Agri,Raja Rajeshwari,True,2026-05-23
DEA0138,2941712159224,Dealer_138_Agri,Neelkamal,True,2026-05-26
DEA0139,2387527051278,Dealer_139_Agri,Subramanya Swamy,True,2026-05-29
DEA0140,2554454856221,Dealer_140_Agri,Dakshina Mukhi,True,2026-05-31
DEA0141,2806100729194,Dealer_141_Agri,Neelkamal,True,2026-06-03
DEA0142,2298708440333,Dealer_142_Agri,Neelkamal,True,2026-06-05
DEA0143,2709380013397,Dealer_143_Agri,Ganesha Nagar,True,2026-06-08
DEA0144,2875357969453,Dealer_144_Agri,Keshavpur,True,2026-06-11
DEA0145,2334607409428,Dealer_145_Agri,Raja Rajeshwari,True,2026-06-13
DEA0146,2739976321242,Dealer_146_Agri,Hanumantha Nagar,False,2026-06-16
DEA0147,2188353498570,Dealer_147_Agri,Shivaji Colony,True,2026-06-18
DEA0148,2862322521408,Dealer_148_Agri,Neelkamal,True,2026-06-21
DEA0149,2408888867570,Dealer_149_Agri,GreenVillage,True,2026-06-24
DEA0150,2728424049360,Dealer_150_Agri,Skanda Giri,True,2026-06-26
DEA0151,2582602343455,Dealer_151_Agri,Bhoga Nandeeshwara,True,2026-06-29
DEA0152,2431175503722,Dealer_152_Agri,Gokul Vihar,True,2026-07-02
DEA0153,2472948699426,Dealer_153_Agri,Subramanya Swamy,True,2026-07-04
DEA0154,2601506420683,Dealer_154_Agri,RedSoil Hamlet,True,2026-07-07
DEA0155,2497221736166,Dealer_155_Agri,Yelachaguppe,True,2026-07-09
DEA0156,2845311989767,Dealer_156_Agri,Devi Krupa,True,2026-07-12
DEA0157,2789803815071,Dealer_157_Agri,Maruthi Extension,True,2026-07-15
DEA0158,2045622254732,Dealer_158_Agri,Pushpagiri,True,2026-07-17
DEA0159,2288446868992,Dealer_159_Agri,Yelachaguppe,False,2026-07-20
DEA0160,2603776241474,Dealer_160_Agri,Balaji Nagar,True,2026-07-23
DEA0161,2880636685647,Dealer_161_Agri,Rampur Village,True,2026-07-25
DEA0162,2433664772989,Dealer_162_Agri,Raja Rajeshwari,True,2026-07-28
DEA0163,2415877787883,Dealer_163_Agri,Balaji Nagar,True,2026-07-30
DEA0164,2009102492800,Dealer_164_Agri,Raja Rajeshwari,True,2026-08-02
DEA0165,2454389296302,Dealer_165_Agri,Uttara Phalguni,True,2026-08-05
DEA0166,2262380298429,Dealer_166_Agri,Hanumantha Nagar,True,2026-08-07
DEA0167,2691172279665,Dealer_167_Agri,Rampur Village,True,2026-08-10
DEA0168,2067811274296,Dealer_168_Agri,RedSoil Hamlet,True,2026-08-13
DEA0169,2344994770886,Dealer_169_Agri,Dakshina Mukhi,False,2026-08-15
DEA0170,2310951443266,Dealer_170_Agri,Neelkamal,True,2026-08-18
DEA0171,2440676773102,Dealer_171_Agri,Venkatesh Pura,True,2026-08-20
DEA0172,2866164361546,Dealer_172_Agri,Devi Krupa,True,2026-08-23
DEA0173,2075486031862,Dealer_173_Agri,Yelachaguppe,True,2026-08-26
DEA0174,2550866124392,Dealer_174_Agri,Subramanya Swamy,True,2026-08-28
DEA0175,2938711421894,Dealer_175_Agri,RedSoil Hamlet,True,2026-08-31
DEA0176,2980946402057,Dealer_176_Agri,Lakshmi Puram,True,2026-09-03
DEA0177,2890267252305,Dealer_177_Agri,Bhoga Nandeeshwara,True,2026-09-05
DEA0178,2028777932287,Dealer_178_Agri,Shivaji Colony,True,2026-09-08
DEA0179,2766298629529,Dealer_179_Agri,Pushpagiri,True,2026-09-10
DEA0180,2541313533292,Dealer_180_Agri,Bhoga Nandeeshwara,True,2026-09-13
DEA0181,2576893367461,Dealer_181_Agri,Anjaneya Layout,True,2026-09-16
DEA0182,2494439422734,Dealer_182_Agri,Anjaneya Layout,True,2026-09-18
DEA0183,2856589740784,Dealer_183_Agri,Raja Rajeshwari,True,2026-09-21
DEA0184,2352843937784,Dealer_184_Agri,Devi Krupa,True,2026-09-24
DEA0185,2782579600248,Dealer_185_Agri,Nandi Hills,True,2026-09-26
DEA0186,2845209106236,Dealer_186_Agri,Keshavpur,True,2026-09-29
DEA0187,2037930545250,Dealer_187_Agri,Skanda Giri,True,2026-10-01
DEA0188,2287782756813,Dealer_188_Agri,Lakshmi Puram,True,2026-10-04
DEA0189,2844897362388,Dealer_189_Agri,Keshavpur,True,2026-10-07
DEA0190,2715102210190,Dealer_190_Agri,Lakshmi Puram,True,2026-10-09
DEA0191,2727333149246,Dealer_191_Agri,Neelkamal,True,2026-10-12
DEA0192,2000590025357,Dealer_192_Agri,Lakshmi Puram,True,2026-10-15
DEA0193,2129603823367,Dealer_193_Agri,Neelkamal,True,2026-10-17
DEA0194,2010322801451,Dealer_194_Agri,Rampur Village,True,2026-10-20
DEA0195,2314473811216,Dealer_195_Agri,Shivaji Colony,False,2026-10-22
DEA0196,2244685062283,Dealer_196_Agri,Lakshmi Puram,True,2026-10-25
DEA0197,2723947149897,Dealer_197_Agri,Anjaneya Layout,True,2026-10-28
DEA0198,2788985944514,Dealer_198_Agri,Devi Krupa,False,2026-10-30
DEA0199,2131875387351,Dealer_199_Agri,Yelachaguppe,True,2026-11-02
DEA0200,2693174492132,Dealer_200_Agri,Nandi Hills,True,2026-11-05
DEA0201,2666619653999,Dealer_201_Agri,Skanda Giri,True,2026-11-07
DEA0202,2734932569596,Dealer_202_Agri,GreenVillage,True,2026-11-10
DEA0203,2713879519299,Dealer_203_Agri,Raja Rajeshwari,False,2026-11-12
DEA0204,2971950409550,Dealer_204_Agri,Hanumantha Nagar,True,2026-11-15
DEA0205,2473761416609,Dealer_205_Agri,Bhoga Nandeeshwara,False,2026-11-18
DEA0206,2896896251194,Dealer_206_Agri,Dakshina Mukhi,True,2026-11-20
DEA0207,2435694754833,Dealer_207_Agri,Nandi Hills,True,2026-11-23
DEA0208,2840218312814,Dealer_208_Agri,Gokul Vihar,True,2026-11-26
DEA0209,2254460711473,Dealer_209_Agri,Raja Rajeshwari,True,2026-11-28
DEA0210,2289297079093,Dealer_210_Agri,Devi Krupa,True,2026-12-01
DEA0211,2181910768691,Dealer_211_Agri,Maruthi Extension,True,2026-12-03
DEA0212,2754893120157,Dealer_212_Agri,Keshavpur,True,2026-12-06
DEA0213,2899499017012,Dealer_213_Agri,Bhoga Nandeeshwara,True,2026-12-09
DEA0214,2151266415665,Dealer_214_Agri,Balaji Nagar,True,2026-12-11
DEA0215,2749255313580,Dealer_215_Agri,Pushpagiri,True,2026-12-14
DEA0216,2828733673817,Dealer_216_Agri,Gokul Vihar,True,2026-12-16
DEA0217,2390991684338,Dealer_217_Agri,Keshavpur,True,2026-12-19
DEA0218,2044661593940,Dealer_218_Agri,Hanumantha Nagar,True,2026-12-22
DEA0219,2748790146765,Dealer_219_Agri,Dakshina Mukhi,True,2026-12-24
DEA0220,2033632741769,Dealer_220_Agri,Shivaji Colony,True,2026-12-27
DEA0221,2138102248752,Dealer_221_Agri,Devi Krupa,True,2026-12-30
DEA0222,2423678849714,Dealer_222_Agri,Shivaji Colony,True,2027-01-01
DEA0223,2326492882407,Dealer_223_Agri,Shivaji Colony,True,2027-01-04
DEA0224,2667927527101,Dealer_224_Agri,Dakshina Mukhi,True,2027-01-06
DEA0225,2654814604031,Dealer_225_Agri,Ganesha Nagar,True,2027-01-09
DEA0226,2037786582576,Dealer_226_Agri,Maruthi Extension,True,2027-01-12
DEA0227,2128392923185,Dealer_227_Agri,Skanda Giri,True,2027-01-14
DEA0228,2653799802734,Dealer_228_Agri,Rampur Village,True,2027-01-17
DEA0229,2627920496268,Dealer_229_Agri,Lakshmi Puram,True,2027-01-20
DEA0230,2021587826232,Dealer_230_Agri,Sundarapuram,True,2027-01-22
DEA0231,2340935384145,Dealer_231_Agri,GreenVillage,True,2027-01-25
DEA0232,2872446132680,Dealer_232_Agri,Dakshina Mukhi,False,2027-01-27
DEA0233,2742872134878,Dealer_233_Agri,Anjaneya Layout,True,2027-01-30
DEA0234,2483317959428,Dealer_234_Agri,Skanda Giri,True,2027-02-02
DEA0235,2542903724352,Dealer_235_Agri,Ganesha Nagar,True,2027-02-04
DEA0236,2597823270542,Dealer_236_Agri,Gokul Vihar,True,2027-02-07
DEA0237,2089142827036,Dealer_237_Agri,Yelachaguppe,True,2027-02-10
DEA0238,2437847292840,Dealer_238_Agri,Nandi Hills,False,2027-02-12
DEA0239,2474905716692,Dealer_239_Agri,Bhoga Nandeeshwara,True,2027-02-15
DEA0240,2203140000546,Dealer_240_Agri,Sundarapuram,False,2027-02-17
DEA0241,2438536514017,Dealer_241_Agri,Uttara Phalguni,True,2027-02-20
DEA0242,2544914498089,Dealer_242_Agri,Venkatesh Pura,True,2027-02-23
DEA0243,2342945498247,Dealer_243_Agri,Rampur Village,True,2027-02-25
DEA0244,2101755470162,Dealer_244_Agri,RedSoil Hamlet,True,2027-02-28
DEA0245,2377576755938,Dealer_245_Agri,Neelkamal,True,2027-03-03
DEA0246,2730707661556,Dealer_246_Agri,Keshavpur,True,2027-03-05
DEA0247,2761204992925,Dealer_247_Agri,Bhoga Nandeeshwara,True,2027-03-08
DEA0248,2620163639379,Dealer_248_Agri,Hanumantha Nagar,True,2027-03-10
DEA0249,2347737480009,Dealer_249_Agri,Shivaji Colony,True,2027-03-13
DEA0250,2681289806872,Dealer_250_Agri,Rampur Village,True,2027-03-16
DEA0251,2269516712000,Dealer_251_Agri,Venkatesh Pura,False,2027-03-18
DEA0252,2413842326796,Dealer_252_Agri,Gokul Vihar,True,2027-03-21
DEA0253,2344643709707,Dealer_253_Agri,Devi Krupa,True,2027-03-24
DEA0254,2151185424453,Dealer_254_Agri,Dakshina Mukhi,True,2027-03-26
DEA0255,2584714464342,Dealer_255_Agri,Uttara Phalguni,True,2027-03-29
DEA0256,2819169823813,Dealer_256_Agri,Sundarapuram,True,2027-03-31
DEA0257,2108126608674,Dealer_257_Agri,Pushpagiri,True,2027-04-03
DEA0258,2027799668100,Dealer_258_Agri,RedSoil Hamlet,True,2027-04-06
DEA0259,2297811238355,Dealer_259_Agri,Nandi Hills,True,2027-04-08
DEA0260,2463181186579,Dealer_260_Agri,Skanda Giri,True,2027-04-11
DEA0261,2241832345621,Dealer_261_Agri,Yelachaguppe,True,2027-04-14
DEA0262,2178999685718,Dealer_262_Agri,Hanumantha Nagar,True,2027-04-16
DEA0263,2632113045963,Dealer_263_Agri,Venkatesh Pura,True,2027-04-19
DEA0264,2942246449013,Dealer_264_Agri,Shivaji Colony,True,2027-04-21
DEA0265,2422689586808,Dealer_265_Agri,Keshavpur,False,2027-04-24
DEA0266,2155652307139,Dealer_266_Agri,Yelachaguppe,True,2027-04-27
DEA0267,2430258091119,Dealer_267_Agri,Venkatesh Pura,True,2027-04-29
DEA0268,2230420650491,Dealer_268_Agri,Maruthi Extension,True,2027-05-02
DEA0269,2071436206069,Dealer_269_Agri,Maruthi Extension,True,2027-05-05
DEA0270,2532826114607,Dealer_270_Agri,RedSoil Hamlet,True,2027-05-07
DEA0271,2433510008368,Dealer_271_Agri,Subramanya Swamy,True,2027-05-10
DEA0272,2459446522813,Dealer_272_Agri,Gokul Vihar,True,2027-05-12
DEA0273,2290682017103,Dealer_273_Agri,RedSoil Hamlet,True,2027-05-15
DEA0274,2583684866009,Dealer_274_Agri,Devi Krupa,True,2027-05-18
DEA0275,2932521631464,Dealer_275_Agri,Subramanya Swamy,True,2027-05-20
DEA0276,2328398816680,Dealer_276_Agri,GreenVillage,True,2027-05-23
DEA0277,2859672169852,Dealer_277_Agri,Yelachaguppe,True,2027-05-26
DEA0278,2039763768775,Dealer_278_Agri,Sundarapuram,True,2027-05-28
DEA0279,2257822759857,Dealer_279_Agri,Lakshmi Puram,True,2027-05-31
DEA0280,2756272815445,Dealer_280_Agri,Balaji Nagar,True,2027-06-02
DEA0281,2894656933230,Dealer_281_Agri,Anjaneya Layout,True,2027-06-05
DEA0282,2116532459741,Dealer_282_Agri,Venkatesh Pura,True,2027-06-08
DEA0283,2719704460439,Dealer_283_Agri,Neelkamal,True,2027-06-10
DEA0284,2602960924192,Dealer_284_Agri,Maruthi Extension,False,2027-06-13
DEA0285,2965338892509,Dealer_285_Agri,Keshavpur,True,2027-06-16
DEA0286,2937976448205,Dealer_286_Agri,Hanumantha Nagar,True,2027-06-18
DEA0287,2222669094671,Dealer_287_Agri,Yelachaguppe,True,2027-06-21
DEA0288,2020620051073,Dealer_288_Agri,Lakshmi Puram,True,2027-06-23
DEA0289,2954247452807,Dealer_289_Agri,Anjaneya Layout,True,2027-06-26
DEA0290,2134172510425,Dealer_290_Agri,Yelachaguppe,True,2027-06-29
DEA0291,2404486856337,Dealer_291_Agri,Bhoga Nandeeshwara,True,2027-07-01
DEA0292,2721885793536,Dealer_292_Agri,Subramanya Swamy,True,2027-07-04
DEA0293,2218879063047,Dealer_293_Agri,Sundarapuram,True,2027-07-06
DEA0294,2859564423781,Dealer_294_Agri,Uttara Phalguni,True,2027-07-09
DEA0295,2897674285077,Dealer_295_Agri,Dakshina Mukhi,True,2027-07-12
DEA0296,2275918168525,Dealer_296_Agri,GreenVillage,True,2027-07-14
DEA0297,2930199590075,Dealer_297_Agri,Yelachaguppe,True,2027-07-17
DEA0298,2542564415400,Dealer_298_Agri,RedSoil Hamlet,True,2027-07-20
DEA0299,2450198410311,Dealer_299_Agri,Gokul Vihar,False,2027-07-22
DEA0300,2985453432855,Dealer_300_Agri,Rampur Village,True,2027-07-25
DEA0301,2014864952420,Dealer_301_Agri,Lakshmi Puram,True,2027-07-27
DEA0302,2165797052651,Dealer_302_Agri,Venkatesh Pura,True,2027-07-30
DEA0303,2371128546039,Dealer_303_Agri,Uttara Phalguni,True,2027-08-02
DEA0304,2549693846992,Dealer_304_Agri,Bhoga Nandeeshwara,True,2027-08-04
DEA0305,2887289214835,Dealer_305_Agri,Gokul Vihar,True,2027-08-07
DEA0306,2990147109825,Dealer_306_Agri,Maruthi Extension,True,2027-08-10
DEA0307,2004379524097,Dealer_307_Agri,Pushpagiri,True,2027-08-12
DEA0308,2513887512281,Dealer_308_Agri,Neelkamal,True,2027-08-15
DEA0309,2933355179913,Dealer_309_Agri,Yelachaguppe,True,2027-08-17
DEA0310,2730736122951,Dealer_310_Agri,Dakshina Mukhi,True,2027-08-20
DEA0311,2073121270010,Dealer_311_Agri,GreenVillage,True,2027-08-23
DEA0312,2098496597399,Dealer_312_Agri,Hanumantha Nagar,True,2027-08-25
DEA0313,2023491289182,Dealer_313_Agri,Gokul Vihar,True,2027-08-28
DEA0314,2259948799783,Dealer_314_Agri,Uttara Phalguni,True,2027-08-31
DEA0315,2397283371619,Dealer_315_Agri,GreenVillage,True,2027-09-02
DEA0316,2793333269131,Dealer_316_Agri,Hanumantha Nagar,True,2027-09-05
DEA0317,2115906752115,Dealer_317_Agri,Yelachaguppe,False,2027-09-07
DEA0318,2026790623109,Dealer_318_Agri,Venkatesh Pura,True,2027-09-10
DEA0319,2538411321869,Dealer_319_Agri,Lakshmi Puram,True,2027-09-13
DEA0320,2619959144624,Dealer_320_Agri,Lakshmi Puram,False,2027-09-15
DEA0321,2531929098370,Dealer_321_Agri,Raja Rajeshwari,True,2027-09-18
DEA0322,2127943651016,Dealer_322_Agri,Venkatesh Pura,True,2027-09-21
DEA0323,2335674144489,Dealer_323_Agri,Lakshmi Puram,True,2027-09-23
DEA0324,2968987153328,Dealer_324_Agri,Gokul Vihar,True,2027-09-26
DEA0325,2863505846808,Dealer_325_Agri,Devi Krupa,True,2027-09-28
DEA0326,2794508986330,Dealer_326_Agri,Nandi Hills,True,2027-10-01
DEA0327,2385925270805,Dealer_327_Agri,Uttara Phalguni,True,2027-10-04
DEA0328,2577865526319,Dealer_328_Agri,Anjaneya Layout,True,2027-10-06
DEA0329,2180452688246,Dealer_329_Agri,Ganesha Nagar,True,2027-10-09
DEA0330,2896391543989,Dealer_330_Agri,Raja Rajeshwari,True,2027-10-12
DEA0331,2550394212105,Dealer_331_Agri,Gokul Vihar,False,2027-10-14
DEA0332,2247200367115,Dealer_332_Agri,Uttara Phalguni,True,2027-10-17
DEA0333,2932237213229,Dealer_333_Agri,Keshavpur,True,2027-10-19
DEA0334,2784442544770,Dealer_334_Agri,Sundarapuram,True,2027-10-22
DEA0335,2340528724043,Dealer_335_Agri,Raja Rajeshwari,False,2027-10-25
DEA0336,2186479605743,Dealer_336_Agri,Rampur Village,True,2027-10-27
DEA0337,2666884342542,Dealer_337_Agri,Skanda Giri,False,2027-10-30
DEA0338,2740302162728,Dealer_338_Agri,Yelachaguppe,True,2027-11-02
DEA0339,2706457912964,Dealer_339_Agri,Sundarapuram,True,2027-11-04
DEA0340,2417948937406,Dealer_340_Agri,Balaji Nagar,True,2027-11-07
DEA0341,2865965844052,Dealer_341_Agri,GreenVillage,True,2027-11-09
DEA0342,2140353381208,Dealer_342_Agri,Neelkamal,False,2027-11-12
DEA0343,2781639685116,Dealer_343_Agri,Keshavpur,True,2027-11-15
DEA0344,2465536962108,Dealer_344_Agri,Ganesha Nagar,True,2027-11-17
DEA0345,2759260755436,Dealer_345_Agri,Maruthi Extension,True,2027-11-20
DEA0346,2898485784706,Dealer_346_Agri,Keshavpur,True,2027-11-23
DEA0347,2556494781151,Dealer_347_Agri,Uttara Phalguni,True,2027-11-25
DEA0348,2493714451871,Dealer_348_Agri,Venkatesh Pura,True,2027-11-28
DEA0349,2479342046563,Dealer_349_Agri,Uttara Phalguni,True,2027-11-30
DEA0350,2811358662748,Dealer_350_Agri,Maruthi Extension,True,2027-12-03
DEA0351,2358436742692,Dealer_351_Agri,Subramanya Swamy,True,2027-12-06
DEA0352,2098165607962,Dealer_352_Agri,Maruthi Extension,True,2027-12-08
DEA0353,2295170977975,Dealer_353_Agri,Uttara Phalguni,True,2027-12-11
DEA0354,2931637252071,Dealer_354_Agri,Balaji Nagar,True,2027-12-14
DEA0355,2133697776838,Dealer_355_Agri,Bhoga Nandeeshwara,True,2027-12-16
DEA0356,2205428170512,Dealer_356_Agri,Pushpagiri,True,2027-12-19
DEA0357,2956607661978,Dealer_357_Agri,Ganesha Nagar,True,2027-12-21
DEA0358,2745657686827,Dealer_358_Agri,Hanumantha Nagar,True,2027-12-24
DEA0359,2637783036034,Dealer_359_Agri,Raja Rajeshwari,True,2027-12-27
DEA0360,2294825296546,Dealer_360_Agri,Lakshmi Puram,True,2027-12-29
DEA0361,2193223804905,Dealer_361_Agri,Skanda Giri,False,2028-01-01
DEA0362,2982743443856,Dealer_362_Agri,Bhoga Nandeeshwara,False,2028-01-03
DEA0363,2776530822887,Dealer_363_Agri,Raja Rajeshwari,True,2028-01-06
DEA0364,2136175081250,Dealer_364_Agri,Venkatesh Pura,True,2028-01-09
DEA0365,2776167166731,Dealer_365_Agri,RedSoil Hamlet,True,2028-01-11
DEA0366,2834700270436,Dealer_366_Agri,Rampur Village,True,2028-01-14
DEA0367,2724126613176,Dealer_367_Agri,RedSoil Hamlet,True,2028-01-17
DEA0368,2219692206741,Dealer_368_Agri,RedSoil Hamlet,True,2028-01-19
DEA0369,2228693391035,Dealer_369_Agri,Maruthi Extension,True,2028-01-22
DEA0370,2157262164254,Dealer_370_Agri,Balaji Nagar,True,2028-01-24
DEA0371,2335643605235,Dealer_371_Agri,Maruthi Extension,True,2028-01-27
DEA0372,2738725588288,Dealer_372_Agri,Gokul Vihar,True,2028-01-30
DEA0373,2584448947158,Dealer_373_Agri,Uttara Phalguni,True,2028-02-01
DEA0374,2164339292113,Dealer_374_Agri,Ganesha Nagar,True,2028-02-04
DEA0375,2259193470985,Dealer_375_Agri,Ganesha Nagar,True,2028-02-07
DEA0376,2794796795246,Dealer_376_Agri,Uttara Phalguni,True,2028-02-09
DEA0377,2257883895094,Dealer_377_Agri,Maruthi Extension,False,2028-02-12
DEA0378,2579642474663,Dealer_378_Agri,Lakshmi Puram,True,2028-02-14
DEA0379,2864515714792,Dealer_379_Agri,Hanumantha Nagar,True,2028-02-17
DEA0380,2647156822030,Dealer_380_Agri,Skanda Giri,True,2028-02-20
DEA0381,2060817395078,Dealer_381_Agri,Pushpagiri,True,2028-02-22
DEA0382,2380186995693,Dealer_382_Agri,Neelkamal,False,2028-02-25
DEA0383,2477978168940,Dealer_383_Agri,Balaji Nagar,True,2028-02-28
DEA0384,2663638656787,Dealer_384_Agri,Shivaji Colony,True,2028-03-01
DEA0385,2566300176134,Dealer_385_Agri,Shivaji Colony,True,2028-03-04
DEA0386,2484134633215,Dealer_386_Agri,Venkatesh Pura,True,2028-03-06
DEA0387,2641932262905,Dealer_387_Agri,Dakshina Mukhi,True,2028-03-09
DEA0388,2201118056268,Dealer_388_Agri,Bhoga Nandeeshwara,True,2028-03-12
DEA0389,2020769806477,Dealer_389_Agri,Pushpagiri,True,2028-03-14
DEA0390,2636785722164,Dealer_390_Agri,Pushpagiri,True,2028-03-17
DEA0391,2847660040373,Dealer_391_Agri,Neelkamal,True,2028-03-20
DEA0392,2071379803159,Dealer_392_Agri,Devi Krupa,True,2028-03-22
DEA0393,2973183589041,Dealer_393_Agri,Rampur Village,True,2028-03-25
DEA0394,2901486997207,Dealer_394_Agri,Ganesha Nagar,True,2028-03-27
DEA0395,2988432219161,Dealer_395_Agri,Gokul Vihar,True,2028-03-30
DEA0396,2417353327403,Dealer_396_Agri,Subramanya Swamy,True,2028-04-02
DEA0397,2452543025121,Dealer_397_Agri,Pushpagiri,True,2028-04-04
DEA0398,2361792646497,Dealer_398_Agri,Yelachaguppe,True,2028-04-07
DEA0399,2716363059522,Dealer_399_Agri,Rampur Village,True,2028-04-10
DEA0400,2004555014869,Dealer_400_Agri,Uttara Phalguni,True,2028-04-12
DEA0401,2468232002266,Dealer_401_Agri,Pushpagiri,True,2028-04-15
DEA0402,2215323873830,Dealer_402_Agri,Anjaneya Layout,True,2028-04-17
DEA0403,2367173489603,Dealer_403_Agri,Devi Krupa,True,2028-04-20
DEA0404,2419345273669,Dealer_404_Agri,Lakshmi Puram,True,2028-04-23
DEA0405,2606879107140,Dealer_405_Agri,Sundarapuram,True,2028-04-25
DEA0406,2875427703685,Dealer_406_Agri,Bhoga Nandeeshwara,True,2028-04-28
DEA0407,2129552997376,Dealer_407_Agri,Nandi Hills,True,2028-05-01
DEA0408,2317598715164,Dealer_408_Agri,Yelachaguppe,True,2028-05-03
DEA0409,2086529407981,Dealer_409_Agri,GreenVillage,True,2028-05-06
DEA0410,2746945916049,Dealer_410_Agri,Devi Krupa,True,2028-05-08
DEA0411,2258168607090,Dealer_411_Agri,Maruthi Extension,True,2028-05-11
DEA0412,2888896479183,Dealer_412_Agri,Balaji Nagar,True,2028-05-14
DEA0413,2995659961109,Dealer_413_Agri,Shivaji Colony,False,2028-05-16
DEA0414,2378622553351,Dealer_414_Agri,Bhoga Nandeeshwara,True,2028-05-19
DEA0415,2021457228620,Dealer_415_Agri,Skanda Giri,True,2028-05-22
DEA0416,2997892474396,Dealer_416_Agri,Dakshina Mukhi,True,2028-05-24
DEA0417,2079190017417,Dealer_417_Agri,Anjaneya Layout,True,2028-05-27
DEA0418,2941958973473,Dealer_418_Agri,Shivaji Colony,True,2028-05-29
DEA0419,2951365321914,Dealer_419_Agri,Yelachaguppe,True,2028-06-01
DEA0420,2288431119181,Dealer_420_Agri,Anjaneya Layout,True,2028-06-04
DEA0421,2735437869718,Dealer_421_Agri,Raja Rajeshwari,True,2028-06-06
DEA0422,2398899075608,Dealer_422_Agri,Dakshina Mukhi,True,2028-06-09
DEA0423,2632769783577,Dealer_423_Agri,Yelachaguppe,True,2028-06-12
DEA0424,2139429413311,Dealer_424_Agri,Ganesha Nagar,True,2028-06-14
DEA0425,2018872341808,Dealer_425_Agri,Rampur Village,False,2028-06-17
DEA0426,2238592611303,Dealer_426_Agri,Rampur Village,True,2028-06-19
DEA0427,2402977336567,Dealer_427_Agri,Dakshina Mukhi,True,2028-06-22
DEA0428,2351683423433,Dealer_428_Agri,Devi Krupa,True,2028-06-25
DEA0429,2730363426615,Dealer_429_Agri,Bhoga Nandeeshwara,True,2028-06-27
DEA0430,2702922718196,Dealer_430_Agri,Nandi Hills,True,2028-06-30
DEA0431,2563361109695,Dealer_431_Agri,Skanda Giri,True,2028-07-02
DEA0432,2913866526306,Dealer_432_Agri,Sundarapuram,True,2028-07-05
DEA0433,2945740755340,Dealer_433_Agri,Maruthi Extension,True,2028-07-08
DEA0434,2833992647331,Dealer_434_Agri,Ganesha Nagar,True,2028-07-10
DEA0435,2405554692478,Dealer_435_Agri,Venkatesh Pura,True,2028-07-13
DEA0436,2339692586886,Dealer_436_Agri,Balaji Nagar,True,2028-07-16
DEA0437,2651419840604,Dealer_437_Agri,Maruthi Extension,True,2028-07-18
DEA0438,2751413615495,Dealer_438_Agri,Hanumantha Nagar,True,2028-07-21
DEA0439,2406721919859,Dealer_439_Agri,Neelkamal,True,2028-07-23
DEA0440,2652674349664,Dealer_440_Agri,Raja Rajeshwari,True,2028-07-26
DEA0441,2900981835090,Dealer_441_Agri,Bhoga Nandeeshwara,True,2028-07-29
DEA0442,2774884716355,Dealer_442_Agri,Pushpagiri,True,2028-07-31
DEA0443,2889840039524,Dealer_443_Agri,Gokul Vihar,True,2028-08-03
DEA0444,2392862073618,Dealer_444_Agri,Pushpagiri,True,2028-08-06
DEA0445,2856628485568,Dealer_445_Agri,Rampur Village,True,2028-08-08
DEA0446,2234937985091,Dealer_446_Agri,Pushpagiri,True,2028-08-11
DEA0447,2465584193734,Dealer_447_Agri,Rampur Village,True,2028-08-13
DEA0448,2722698128819,Dealer_448_Agri,RedSoil Hamlet,True,2028-08-16
DEA0449,2982547416347,Dealer_449_Agri,Bhoga Nandeeshwara,True,2028-08-19
DEA0450,2988673332779,Dealer_450_Agri,Sundarapuram,True,2028-08-21
DEA0451,2794825436783,Dealer_451_Agri,Subramanya Swamy,True,2028-08-24
DEA0452,2557216632579,Dealer_452_Agri,Raja Rajeshwari,True,2028-08-27
DEA0453,2342316885292,Dealer_453_Agri,Dakshina Mukhi,True,2028-08-29
DEA0454,2508988318777,Dealer_454_Agri,Ganesha Nagar,True,2028-09-01
DEA0455,2573844235573,Dealer_455_Agri,Sundarapuram,True,2028-09-03
DEA0456,2791715601631,Dealer_456_Agri,Maruthi Extension,True,2028-09-06
DEA0457,2074120120989,Dealer_457_Agri,Anjaneya Layout,True,2028-09-09
DEA0458,2634232746969,Dealer_458_Agri,Anjaneya Layout,True,2028-09-11
DEA0459,2335369115114,Dealer_459_Agri,Sundarapuram,True,2028-09-14
DEA0460,2440440707508,Dealer_460_Agri,Dakshina Mukhi,True,2028-09-17
DEA0461,2637145972824,Dealer_461_Agri,Anjaneya Layout,True,2028-09-19
DEA0462,2211813144038,Dealer_462_Agri,Ganesha Nagar,False,2028-09-22
DEA0463,2109651208320,Dealer_463_Agri,Keshavpur,True,2028-09-24
DEA0464,2299704789818,Dealer_464_Agri,Rampur Village,True,2028-09-27
DEA0465,2266105242571,Dealer_465_Agri,Dakshina Mukhi,True,2028-09-30
DEA0466,2659211758155,Dealer_466_Agri,GreenVillage,True,2028-10-02
DEA0467,2699830405759,Dealer_467_Agri,Ganesha Nagar,True,2028-10-05
DEA0468,2171211171215,Dealer_468_Agri,Bhoga Nandeeshwara,True,2028-10-08
DEA0469,2846456019389,Dealer_469_Agri,Neelkamal,True,2028-10-10
DEA0470,2473503083447,Dealer_470_Agri,Raja Rajeshwari,True,2028-10-13
DEA0471,2970616984450,Dealer_471_Agri,Raja Rajeshwari,True,2028-10-15
DEA0472,2385178532779,Dealer_472_Agri,Hanumantha Nagar,True,2028-10-18
DEA0473,2636431178578,Dealer_473_Agri,Maruthi Extension,True,2028-10-21
DEA0474,2863610848939,Dealer_474_Agri,Nandi Hills,True,2028-10-23
DEA0475,2535645293324,Dealer_475_Agri,Neelkamal,True,2028-10-26
DEA0476,2000100746534,Dealer_476_Agri,Subramanya Swamy,True,2028-10-29
DEA0477,2388271737076,Dealer_477_Agri,Bhoga Nandeeshwara,True,2028-10-31
DEA0478,2106344914316,Dealer_478_Agri,Skanda Giri,True,2028-11-03
DEA0479,2996759237639,Dealer_479_Agri,Ganesha Nagar,True,2028-11-05
DEA0480,2178775788080,Dealer_480_Agri,Bhoga Nandeeshwara,True,2028-11-08
DEA0481,2944994969639,Dealer_481_Agri,Venkatesh Pura,True,2028-11-11
DEA0482,2541436021163,Dealer_482_Agri,Venkatesh Pura,True,2028-11-13
DEA0483,2987788948276,Dealer_483_Agri,Hanumantha Nagar,False,2028-11-16
DEA0484,2675468724036,Dealer_484_Agri,Devi Krupa,True,2028-11-19
DEA0485,2966451652637,Dealer_485_Agri,Venkatesh Pura,True,2028-11-21
DEA0486,2165813064582,Dealer_486_Agri,Skanda Giri,True,2028-11-24
DEA0487,2074557328378,Dealer_487_Agri,Lakshmi Puram,True,2028-11-26
DEA0488,2202465172435,Dealer_488_Agri,Keshavpur,True,2028-11-29
DEA0489,2288489907267,Dealer_489_Agri,GreenVillage,True,2028-12-02
DEA0490,2306674971273,Dealer_490_Agri,Nandi Hills,True,2028-12-04
DEA0491,2933799882407,Dealer_491_Agri,Hanumantha Nagar,True,2028-12-07
DEA0492,2514675426711,Dealer_492_Agri,Sundarapuram,True,2028-12-10
DEA0493,2129913133362,Dealer_493_Agri,Uttara Phalguni,True,2028-12-12
DEA0494,2826785006889,Dealer_494_Agri,Bhoga Nandeeshwara,True,2028-12-15
DEA0495,2402164482439,Dealer_495_Agri,Keshavpur,True,2028-12-17
DEA0496,2281921240145,Dealer_496_Agri,Devi Krupa,True,2028-12-20
DEA0497,2127571991087,Dealer_497_Agri,GreenVillage,True,2028-12-23
DEA0498,2072589133415,Dealer_498_Agri,Neelkamal,True,2028-12-25
DEA0499,2419127416672,Dealer_499_Agri,RedSoil Hamlet,True,2028-12-28
DEA0500,2509235042216,Dealer_500_Agri,Venkatesh Pura,True,2028-12-31
